{"train_loss": 0.0006021459703333676, "epoch": 35, "trainer/global_step": 71199, "_timestamp": 1688876064.2726736, "_runtime": 375.93306255340576, "_step": 1458, "val_loss": 0.29323774576187134}